{
  "eye": {
    "orientation": [
      -0.1414664387702942,
      -0.98548823595047,
      0.08687708526849747,
      -0.03539262339472771
    ],
    "magnitude": 1,
    "position": [
      16.6077880859375,
      449.751708984375,
      333.6771240234375
    ]
  },
  "radius": 793.2212524414062,
  "type": "PERSPECTIVE"
}