{
  "eye": {
    "orientation": [
      0,
      0,
      0,
      1
    ],
    "magnitude": 0.5773502588272095,
    "position": [
      640,
      360,
      3826.404052734375
    ]
  },
  "radius": 793.2212524414062,
  "type": "PERSPECTIVE"
}